estimated_active,bin_size
121087756.75057249,2004.0
118688420.86365357,2004.0
120375109.35478052,2004.0
120257615.40969135,2004.0
120870987.67628145,2004.0
