estimated_active,bin_size,estimated_active_true
60059.81304,2004,120359865.3
60144.66571,2004,120529910.1
60400.86575,2004,121043335
59569.90465,2004,119378088.9
60254.99981,2004,120751019.6
